Site,Hub,Cost,Freq
FAL,,,
ODE,,,
BRK,,,
CPH,FAL,10,15
EDI,FAL,25,15
GLA,FAL,25,15
ABD,FAL,25,15
MCR,FAL,25,15
LND,FAL,25,15
BIR,FAL,25,15
LIV,FAL,25,15
NEW,FAL,25,15
SHE,FAL,25,15
HUL,FAL,25,15
COV,FAL,25,15
HAL,FAL,25,15
CLY,FAL,25,15
DUN,FAL,25,15
PER,FAL,25,15
MUN,ODE,25,15
BON,ODE,25,15
BER,ODE,25,15
OSL,ODE,25,15
GOT,ODE,25,15
MIL,ODE,25,15
AMS,ODE,25,15
VIE,ODE,25,15
FAX,ODE,25,15
KGE,ODE,25,15
KOR,ODE,25,15
TOR,BRK,25,30
MTL,BRK,25,30
NYC,BRK,25,30
LAX,BRK,25,30
MIA,BRK,25,30
NJC,BRK,25,30
ATL,BRK,25,30
CHI,BRK,25,30
SYD,BRK,50,30
MEL,BRK,50,30
AKL,BRK,50,30
CLD,FAL,10,15
FRD,FAL,10,15
VRK,FAL,10,15
AAR,ODE,25,15
FRE,ODE,25,15
NYB,ODE,25,15
BRD,ODE,25,15
DRS,ODE,25,15
DUS,ODE,25,15
DET,BRK,25,30
PHI,BRK,25,30
SEA,BRK,25,30
SFO,BRK,25,30
KNG,BRK,25,30
BRT,ODE,25,15
