Type,Octet,Multi,Notes
RTR,1,no,Upstream router
NAS,19,no,"Storage (NAS/SAN, e.g. TrueNAS)"
RDR,21,no,Badge reader
SBC,48,no,VoIP Session Border Controller
WKS,101,no,Workstation
LAP,102,no,Laptop
BMC,2,yes,iDRAC / iLO / Redfish
BMC,3,yes,iDRAC / iLO / Redfish
BMC,4,yes,iDRAC / iLO / Redfish
DCS,10,yes,Primary Domain Controller
DCS,11,yes,Secondary Domain Controller
FWL,253,yes,Firewall primary
FWL,254,yes,Firewall secondary
PVE,5,yes,Proxmox nodes
PVE,6,yes,Proxmox nodes
PVE,7,yes,Proxmox nodes
SWI,250,yes,Switches
SWI,251,yes,Switches
SWI,252,yes,Switches
WAP,82,yes,"Wireless access points (static -- added 2026-07-08, moved off DHCP). Count varies per site (1 to 13+); devices.csv rows at these octets are treated as standard-slot and excluded from the .ini/DNS output the same way BMC is -- only the generic commented placeholder lines show, per-device Notes are not preserved for slots at this range."
WAP,83,yes,Wireless access point
WAP,84,yes,Wireless access point
WAP,85,yes,Wireless access point
WAP,86,yes,Wireless access point
WAP,87,yes,Wireless access point
WAP,88,yes,Wireless access point
WAP,89,yes,Wireless access point
WAP,90,yes,Wireless access point
WAP,91,yes,Wireless access point
WAP,92,yes,Wireless access point
WAP,93,yes,Wireless access point
WAP,94,yes,Wireless access point
DHCP,150,yes,"DHCP pool (dnsmasq dhcp-range on every site firewall, .150-.250 -- see firewallme.sh DHCP_START/DHCP_END, 00_preflight_1_derive.yml fw_dhcp_start/fw_dhcp_end). Added 2026-09-04 so suggest_free_ip.py excludes it automatically instead of by hand."
DHCP,151,yes,"DHCP pool (dnsmasq dhcp-range on every site firewall, .150-.250 -- see firewallme.sh DHCP_START/DHCP_END, 00_preflight_1_derive.yml fw_dhcp_start/fw_dhcp_end). Added 2026-09-04 so suggest_free_ip.py excludes it automatically instead of by hand."
DHCP,152,yes,"DHCP pool (dnsmasq dhcp-range on every site firewall, .150-.250 -- see firewallme.sh DHCP_START/DHCP_END, 00_preflight_1_derive.yml fw_dhcp_start/fw_dhcp_end). Added 2026-09-04 so suggest_free_ip.py excludes it automatically instead of by hand."
DHCP,153,yes,"DHCP pool (dnsmasq dhcp-range on every site firewall, .150-.250 -- see firewallme.sh DHCP_START/DHCP_END, 00_preflight_1_derive.yml fw_dhcp_start/fw_dhcp_end). Added 2026-09-04 so suggest_free_ip.py excludes it automatically instead of by hand."
DHCP,154,yes,"DHCP pool (dnsmasq dhcp-range on every site firewall, .150-.250 -- see firewallme.sh DHCP_START/DHCP_END, 00_preflight_1_derive.yml fw_dhcp_start/fw_dhcp_end). Added 2026-09-04 so suggest_free_ip.py excludes it automatically instead of by hand."
DHCP,155,yes,"DHCP pool (dnsmasq dhcp-range on every site firewall, .150-.250 -- see firewallme.sh DHCP_START/DHCP_END, 00_preflight_1_derive.yml fw_dhcp_start/fw_dhcp_end). Added 2026-09-04 so suggest_free_ip.py excludes it automatically instead of by hand."
DHCP,156,yes,"DHCP pool (dnsmasq dhcp-range on every site firewall, .150-.250 -- see firewallme.sh DHCP_START/DHCP_END, 00_preflight_1_derive.yml fw_dhcp_start/fw_dhcp_end). Added 2026-09-04 so suggest_free_ip.py excludes it automatically instead of by hand."
DHCP,157,yes,"DHCP pool (dnsmasq dhcp-range on every site firewall, .150-.250 -- see firewallme.sh DHCP_START/DHCP_END, 00_preflight_1_derive.yml fw_dhcp_start/fw_dhcp_end). Added 2026-09-04 so suggest_free_ip.py excludes it automatically instead of by hand."
DHCP,158,yes,"DHCP pool (dnsmasq dhcp-range on every site firewall, .150-.250 -- see firewallme.sh DHCP_START/DHCP_END, 00_preflight_1_derive.yml fw_dhcp_start/fw_dhcp_end). Added 2026-09-04 so suggest_free_ip.py excludes it automatically instead of by hand."
DHCP,159,yes,"DHCP pool (dnsmasq dhcp-range on every site firewall, .150-.250 -- see firewallme.sh DHCP_START/DHCP_END, 00_preflight_1_derive.yml fw_dhcp_start/fw_dhcp_end). Added 2026-09-04 so suggest_free_ip.py excludes it automatically instead of by hand."
DHCP,160,yes,"DHCP pool (dnsmasq dhcp-range on every site firewall, .150-.250 -- see firewallme.sh DHCP_START/DHCP_END, 00_preflight_1_derive.yml fw_dhcp_start/fw_dhcp_end). Added 2026-09-04 so suggest_free_ip.py excludes it automatically instead of by hand."
DHCP,161,yes,"DHCP pool (dnsmasq dhcp-range on every site firewall, .150-.250 -- see firewallme.sh DHCP_START/DHCP_END, 00_preflight_1_derive.yml fw_dhcp_start/fw_dhcp_end). Added 2026-09-04 so suggest_free_ip.py excludes it automatically instead of by hand."
DHCP,162,yes,"DHCP pool (dnsmasq dhcp-range on every site firewall, .150-.250 -- see firewallme.sh DHCP_START/DHCP_END, 00_preflight_1_derive.yml fw_dhcp_start/fw_dhcp_end). Added 2026-09-04 so suggest_free_ip.py excludes it automatically instead of by hand."
DHCP,163,yes,"DHCP pool (dnsmasq dhcp-range on every site firewall, .150-.250 -- see firewallme.sh DHCP_START/DHCP_END, 00_preflight_1_derive.yml fw_dhcp_start/fw_dhcp_end). Added 2026-09-04 so suggest_free_ip.py excludes it automatically instead of by hand."
DHCP,164,yes,"DHCP pool (dnsmasq dhcp-range on every site firewall, .150-.250 -- see firewallme.sh DHCP_START/DHCP_END, 00_preflight_1_derive.yml fw_dhcp_start/fw_dhcp_end). Added 2026-09-04 so suggest_free_ip.py excludes it automatically instead of by hand."
DHCP,165,yes,"DHCP pool (dnsmasq dhcp-range on every site firewall, .150-.250 -- see firewallme.sh DHCP_START/DHCP_END, 00_preflight_1_derive.yml fw_dhcp_start/fw_dhcp_end). Added 2026-09-04 so suggest_free_ip.py excludes it automatically instead of by hand."
DHCP,166,yes,"DHCP pool (dnsmasq dhcp-range on every site firewall, .150-.250 -- see firewallme.sh DHCP_START/DHCP_END, 00_preflight_1_derive.yml fw_dhcp_start/fw_dhcp_end). Added 2026-09-04 so suggest_free_ip.py excludes it automatically instead of by hand."
DHCP,167,yes,"DHCP pool (dnsmasq dhcp-range on every site firewall, .150-.250 -- see firewallme.sh DHCP_START/DHCP_END, 00_preflight_1_derive.yml fw_dhcp_start/fw_dhcp_end). Added 2026-09-04 so suggest_free_ip.py excludes it automatically instead of by hand."
DHCP,168,yes,"DHCP pool (dnsmasq dhcp-range on every site firewall, .150-.250 -- see firewallme.sh DHCP_START/DHCP_END, 00_preflight_1_derive.yml fw_dhcp_start/fw_dhcp_end). Added 2026-09-04 so suggest_free_ip.py excludes it automatically instead of by hand."
DHCP,169,yes,"DHCP pool (dnsmasq dhcp-range on every site firewall, .150-.250 -- see firewallme.sh DHCP_START/DHCP_END, 00_preflight_1_derive.yml fw_dhcp_start/fw_dhcp_end). Added 2026-09-04 so suggest_free_ip.py excludes it automatically instead of by hand."
DHCP,170,yes,"DHCP pool (dnsmasq dhcp-range on every site firewall, .150-.250 -- see firewallme.sh DHCP_START/DHCP_END, 00_preflight_1_derive.yml fw_dhcp_start/fw_dhcp_end). Added 2026-09-04 so suggest_free_ip.py excludes it automatically instead of by hand."
DHCP,171,yes,"DHCP pool (dnsmasq dhcp-range on every site firewall, .150-.250 -- see firewallme.sh DHCP_START/DHCP_END, 00_preflight_1_derive.yml fw_dhcp_start/fw_dhcp_end). Added 2026-09-04 so suggest_free_ip.py excludes it automatically instead of by hand."
DHCP,172,yes,"DHCP pool (dnsmasq dhcp-range on every site firewall, .150-.250 -- see firewallme.sh DHCP_START/DHCP_END, 00_preflight_1_derive.yml fw_dhcp_start/fw_dhcp_end). Added 2026-09-04 so suggest_free_ip.py excludes it automatically instead of by hand."
DHCP,173,yes,"DHCP pool (dnsmasq dhcp-range on every site firewall, .150-.250 -- see firewallme.sh DHCP_START/DHCP_END, 00_preflight_1_derive.yml fw_dhcp_start/fw_dhcp_end). Added 2026-09-04 so suggest_free_ip.py excludes it automatically instead of by hand."
DHCP,174,yes,"DHCP pool (dnsmasq dhcp-range on every site firewall, .150-.250 -- see firewallme.sh DHCP_START/DHCP_END, 00_preflight_1_derive.yml fw_dhcp_start/fw_dhcp_end). Added 2026-09-04 so suggest_free_ip.py excludes it automatically instead of by hand."
DHCP,175,yes,"DHCP pool (dnsmasq dhcp-range on every site firewall, .150-.250 -- see firewallme.sh DHCP_START/DHCP_END, 00_preflight_1_derive.yml fw_dhcp_start/fw_dhcp_end). Added 2026-09-04 so suggest_free_ip.py excludes it automatically instead of by hand."
DHCP,176,yes,"DHCP pool (dnsmasq dhcp-range on every site firewall, .150-.250 -- see firewallme.sh DHCP_START/DHCP_END, 00_preflight_1_derive.yml fw_dhcp_start/fw_dhcp_end). Added 2026-09-04 so suggest_free_ip.py excludes it automatically instead of by hand."
DHCP,177,yes,"DHCP pool (dnsmasq dhcp-range on every site firewall, .150-.250 -- see firewallme.sh DHCP_START/DHCP_END, 00_preflight_1_derive.yml fw_dhcp_start/fw_dhcp_end). Added 2026-09-04 so suggest_free_ip.py excludes it automatically instead of by hand."
DHCP,178,yes,"DHCP pool (dnsmasq dhcp-range on every site firewall, .150-.250 -- see firewallme.sh DHCP_START/DHCP_END, 00_preflight_1_derive.yml fw_dhcp_start/fw_dhcp_end). Added 2026-09-04 so suggest_free_ip.py excludes it automatically instead of by hand."
DHCP,179,yes,"DHCP pool (dnsmasq dhcp-range on every site firewall, .150-.250 -- see firewallme.sh DHCP_START/DHCP_END, 00_preflight_1_derive.yml fw_dhcp_start/fw_dhcp_end). Added 2026-09-04 so suggest_free_ip.py excludes it automatically instead of by hand."
DHCP,180,yes,"DHCP pool (dnsmasq dhcp-range on every site firewall, .150-.250 -- see firewallme.sh DHCP_START/DHCP_END, 00_preflight_1_derive.yml fw_dhcp_start/fw_dhcp_end). Added 2026-09-04 so suggest_free_ip.py excludes it automatically instead of by hand."
DHCP,181,yes,"DHCP pool (dnsmasq dhcp-range on every site firewall, .150-.250 -- see firewallme.sh DHCP_START/DHCP_END, 00_preflight_1_derive.yml fw_dhcp_start/fw_dhcp_end). Added 2026-09-04 so suggest_free_ip.py excludes it automatically instead of by hand."
DHCP,182,yes,"DHCP pool (dnsmasq dhcp-range on every site firewall, .150-.250 -- see firewallme.sh DHCP_START/DHCP_END, 00_preflight_1_derive.yml fw_dhcp_start/fw_dhcp_end). Added 2026-09-04 so suggest_free_ip.py excludes it automatically instead of by hand."
DHCP,183,yes,"DHCP pool (dnsmasq dhcp-range on every site firewall, .150-.250 -- see firewallme.sh DHCP_START/DHCP_END, 00_preflight_1_derive.yml fw_dhcp_start/fw_dhcp_end). Added 2026-09-04 so suggest_free_ip.py excludes it automatically instead of by hand."
DHCP,184,yes,"DHCP pool (dnsmasq dhcp-range on every site firewall, .150-.250 -- see firewallme.sh DHCP_START/DHCP_END, 00_preflight_1_derive.yml fw_dhcp_start/fw_dhcp_end). Added 2026-09-04 so suggest_free_ip.py excludes it automatically instead of by hand."
DHCP,185,yes,"DHCP pool (dnsmasq dhcp-range on every site firewall, .150-.250 -- see firewallme.sh DHCP_START/DHCP_END, 00_preflight_1_derive.yml fw_dhcp_start/fw_dhcp_end). Added 2026-09-04 so suggest_free_ip.py excludes it automatically instead of by hand."
DHCP,186,yes,"DHCP pool (dnsmasq dhcp-range on every site firewall, .150-.250 -- see firewallme.sh DHCP_START/DHCP_END, 00_preflight_1_derive.yml fw_dhcp_start/fw_dhcp_end). Added 2026-09-04 so suggest_free_ip.py excludes it automatically instead of by hand."
DHCP,187,yes,"DHCP pool (dnsmasq dhcp-range on every site firewall, .150-.250 -- see firewallme.sh DHCP_START/DHCP_END, 00_preflight_1_derive.yml fw_dhcp_start/fw_dhcp_end). Added 2026-09-04 so suggest_free_ip.py excludes it automatically instead of by hand."
DHCP,188,yes,"DHCP pool (dnsmasq dhcp-range on every site firewall, .150-.250 -- see firewallme.sh DHCP_START/DHCP_END, 00_preflight_1_derive.yml fw_dhcp_start/fw_dhcp_end). Added 2026-09-04 so suggest_free_ip.py excludes it automatically instead of by hand."
DHCP,189,yes,"DHCP pool (dnsmasq dhcp-range on every site firewall, .150-.250 -- see firewallme.sh DHCP_START/DHCP_END, 00_preflight_1_derive.yml fw_dhcp_start/fw_dhcp_end). Added 2026-09-04 so suggest_free_ip.py excludes it automatically instead of by hand."
DHCP,190,yes,"DHCP pool (dnsmasq dhcp-range on every site firewall, .150-.250 -- see firewallme.sh DHCP_START/DHCP_END, 00_preflight_1_derive.yml fw_dhcp_start/fw_dhcp_end). Added 2026-09-04 so suggest_free_ip.py excludes it automatically instead of by hand."
DHCP,191,yes,"DHCP pool (dnsmasq dhcp-range on every site firewall, .150-.250 -- see firewallme.sh DHCP_START/DHCP_END, 00_preflight_1_derive.yml fw_dhcp_start/fw_dhcp_end). Added 2026-09-04 so suggest_free_ip.py excludes it automatically instead of by hand."
DHCP,192,yes,"DHCP pool (dnsmasq dhcp-range on every site firewall, .150-.250 -- see firewallme.sh DHCP_START/DHCP_END, 00_preflight_1_derive.yml fw_dhcp_start/fw_dhcp_end). Added 2026-09-04 so suggest_free_ip.py excludes it automatically instead of by hand."
DHCP,193,yes,"DHCP pool (dnsmasq dhcp-range on every site firewall, .150-.250 -- see firewallme.sh DHCP_START/DHCP_END, 00_preflight_1_derive.yml fw_dhcp_start/fw_dhcp_end). Added 2026-09-04 so suggest_free_ip.py excludes it automatically instead of by hand."
DHCP,194,yes,"DHCP pool (dnsmasq dhcp-range on every site firewall, .150-.250 -- see firewallme.sh DHCP_START/DHCP_END, 00_preflight_1_derive.yml fw_dhcp_start/fw_dhcp_end). Added 2026-09-04 so suggest_free_ip.py excludes it automatically instead of by hand."
DHCP,195,yes,"DHCP pool (dnsmasq dhcp-range on every site firewall, .150-.250 -- see firewallme.sh DHCP_START/DHCP_END, 00_preflight_1_derive.yml fw_dhcp_start/fw_dhcp_end). Added 2026-09-04 so suggest_free_ip.py excludes it automatically instead of by hand."
DHCP,196,yes,"DHCP pool (dnsmasq dhcp-range on every site firewall, .150-.250 -- see firewallme.sh DHCP_START/DHCP_END, 00_preflight_1_derive.yml fw_dhcp_start/fw_dhcp_end). Added 2026-09-04 so suggest_free_ip.py excludes it automatically instead of by hand."
DHCP,197,yes,"DHCP pool (dnsmasq dhcp-range on every site firewall, .150-.250 -- see firewallme.sh DHCP_START/DHCP_END, 00_preflight_1_derive.yml fw_dhcp_start/fw_dhcp_end). Added 2026-09-04 so suggest_free_ip.py excludes it automatically instead of by hand."
DHCP,198,yes,"DHCP pool (dnsmasq dhcp-range on every site firewall, .150-.250 -- see firewallme.sh DHCP_START/DHCP_END, 00_preflight_1_derive.yml fw_dhcp_start/fw_dhcp_end). Added 2026-09-04 so suggest_free_ip.py excludes it automatically instead of by hand."
DHCP,199,yes,"DHCP pool (dnsmasq dhcp-range on every site firewall, .150-.250 -- see firewallme.sh DHCP_START/DHCP_END, 00_preflight_1_derive.yml fw_dhcp_start/fw_dhcp_end). Added 2026-09-04 so suggest_free_ip.py excludes it automatically instead of by hand."
DHCP,200,yes,"DHCP pool (dnsmasq dhcp-range on every site firewall, .150-.250 -- see firewallme.sh DHCP_START/DHCP_END, 00_preflight_1_derive.yml fw_dhcp_start/fw_dhcp_end). Added 2026-09-04 so suggest_free_ip.py excludes it automatically instead of by hand."
DHCP,201,yes,"DHCP pool (dnsmasq dhcp-range on every site firewall, .150-.250 -- see firewallme.sh DHCP_START/DHCP_END, 00_preflight_1_derive.yml fw_dhcp_start/fw_dhcp_end). Added 2026-09-04 so suggest_free_ip.py excludes it automatically instead of by hand."
DHCP,202,yes,"DHCP pool (dnsmasq dhcp-range on every site firewall, .150-.250 -- see firewallme.sh DHCP_START/DHCP_END, 00_preflight_1_derive.yml fw_dhcp_start/fw_dhcp_end). Added 2026-09-04 so suggest_free_ip.py excludes it automatically instead of by hand."
DHCP,203,yes,"DHCP pool (dnsmasq dhcp-range on every site firewall, .150-.250 -- see firewallme.sh DHCP_START/DHCP_END, 00_preflight_1_derive.yml fw_dhcp_start/fw_dhcp_end). Added 2026-09-04 so suggest_free_ip.py excludes it automatically instead of by hand."
DHCP,204,yes,"DHCP pool (dnsmasq dhcp-range on every site firewall, .150-.250 -- see firewallme.sh DHCP_START/DHCP_END, 00_preflight_1_derive.yml fw_dhcp_start/fw_dhcp_end). Added 2026-09-04 so suggest_free_ip.py excludes it automatically instead of by hand."
DHCP,205,yes,"DHCP pool (dnsmasq dhcp-range on every site firewall, .150-.250 -- see firewallme.sh DHCP_START/DHCP_END, 00_preflight_1_derive.yml fw_dhcp_start/fw_dhcp_end). Added 2026-09-04 so suggest_free_ip.py excludes it automatically instead of by hand."
DHCP,206,yes,"DHCP pool (dnsmasq dhcp-range on every site firewall, .150-.250 -- see firewallme.sh DHCP_START/DHCP_END, 00_preflight_1_derive.yml fw_dhcp_start/fw_dhcp_end). Added 2026-09-04 so suggest_free_ip.py excludes it automatically instead of by hand."
DHCP,207,yes,"DHCP pool (dnsmasq dhcp-range on every site firewall, .150-.250 -- see firewallme.sh DHCP_START/DHCP_END, 00_preflight_1_derive.yml fw_dhcp_start/fw_dhcp_end). Added 2026-09-04 so suggest_free_ip.py excludes it automatically instead of by hand."
DHCP,208,yes,"DHCP pool (dnsmasq dhcp-range on every site firewall, .150-.250 -- see firewallme.sh DHCP_START/DHCP_END, 00_preflight_1_derive.yml fw_dhcp_start/fw_dhcp_end). Added 2026-09-04 so suggest_free_ip.py excludes it automatically instead of by hand."
DHCP,209,yes,"DHCP pool (dnsmasq dhcp-range on every site firewall, .150-.250 -- see firewallme.sh DHCP_START/DHCP_END, 00_preflight_1_derive.yml fw_dhcp_start/fw_dhcp_end). Added 2026-09-04 so suggest_free_ip.py excludes it automatically instead of by hand."
DHCP,210,yes,"DHCP pool (dnsmasq dhcp-range on every site firewall, .150-.250 -- see firewallme.sh DHCP_START/DHCP_END, 00_preflight_1_derive.yml fw_dhcp_start/fw_dhcp_end). Added 2026-09-04 so suggest_free_ip.py excludes it automatically instead of by hand."
DHCP,211,yes,"DHCP pool (dnsmasq dhcp-range on every site firewall, .150-.250 -- see firewallme.sh DHCP_START/DHCP_END, 00_preflight_1_derive.yml fw_dhcp_start/fw_dhcp_end). Added 2026-09-04 so suggest_free_ip.py excludes it automatically instead of by hand."
DHCP,212,yes,"DHCP pool (dnsmasq dhcp-range on every site firewall, .150-.250 -- see firewallme.sh DHCP_START/DHCP_END, 00_preflight_1_derive.yml fw_dhcp_start/fw_dhcp_end). Added 2026-09-04 so suggest_free_ip.py excludes it automatically instead of by hand."
DHCP,213,yes,"DHCP pool (dnsmasq dhcp-range on every site firewall, .150-.250 -- see firewallme.sh DHCP_START/DHCP_END, 00_preflight_1_derive.yml fw_dhcp_start/fw_dhcp_end). Added 2026-09-04 so suggest_free_ip.py excludes it automatically instead of by hand."
DHCP,214,yes,"DHCP pool (dnsmasq dhcp-range on every site firewall, .150-.250 -- see firewallme.sh DHCP_START/DHCP_END, 00_preflight_1_derive.yml fw_dhcp_start/fw_dhcp_end). Added 2026-09-04 so suggest_free_ip.py excludes it automatically instead of by hand."
DHCP,215,yes,"DHCP pool (dnsmasq dhcp-range on every site firewall, .150-.250 -- see firewallme.sh DHCP_START/DHCP_END, 00_preflight_1_derive.yml fw_dhcp_start/fw_dhcp_end). Added 2026-09-04 so suggest_free_ip.py excludes it automatically instead of by hand."
DHCP,216,yes,"DHCP pool (dnsmasq dhcp-range on every site firewall, .150-.250 -- see firewallme.sh DHCP_START/DHCP_END, 00_preflight_1_derive.yml fw_dhcp_start/fw_dhcp_end). Added 2026-09-04 so suggest_free_ip.py excludes it automatically instead of by hand."
DHCP,217,yes,"DHCP pool (dnsmasq dhcp-range on every site firewall, .150-.250 -- see firewallme.sh DHCP_START/DHCP_END, 00_preflight_1_derive.yml fw_dhcp_start/fw_dhcp_end). Added 2026-09-04 so suggest_free_ip.py excludes it automatically instead of by hand."
DHCP,218,yes,"DHCP pool (dnsmasq dhcp-range on every site firewall, .150-.250 -- see firewallme.sh DHCP_START/DHCP_END, 00_preflight_1_derive.yml fw_dhcp_start/fw_dhcp_end). Added 2026-09-04 so suggest_free_ip.py excludes it automatically instead of by hand."
DHCP,219,yes,"DHCP pool (dnsmasq dhcp-range on every site firewall, .150-.250 -- see firewallme.sh DHCP_START/DHCP_END, 00_preflight_1_derive.yml fw_dhcp_start/fw_dhcp_end). Added 2026-09-04 so suggest_free_ip.py excludes it automatically instead of by hand."
DHCP,220,yes,"DHCP pool (dnsmasq dhcp-range on every site firewall, .150-.250 -- see firewallme.sh DHCP_START/DHCP_END, 00_preflight_1_derive.yml fw_dhcp_start/fw_dhcp_end). Added 2026-09-04 so suggest_free_ip.py excludes it automatically instead of by hand."
DHCP,221,yes,"DHCP pool (dnsmasq dhcp-range on every site firewall, .150-.250 -- see firewallme.sh DHCP_START/DHCP_END, 00_preflight_1_derive.yml fw_dhcp_start/fw_dhcp_end). Added 2026-09-04 so suggest_free_ip.py excludes it automatically instead of by hand."
DHCP,222,yes,"DHCP pool (dnsmasq dhcp-range on every site firewall, .150-.250 -- see firewallme.sh DHCP_START/DHCP_END, 00_preflight_1_derive.yml fw_dhcp_start/fw_dhcp_end). Added 2026-09-04 so suggest_free_ip.py excludes it automatically instead of by hand."
DHCP,223,yes,"DHCP pool (dnsmasq dhcp-range on every site firewall, .150-.250 -- see firewallme.sh DHCP_START/DHCP_END, 00_preflight_1_derive.yml fw_dhcp_start/fw_dhcp_end). Added 2026-09-04 so suggest_free_ip.py excludes it automatically instead of by hand."
DHCP,224,yes,"DHCP pool (dnsmasq dhcp-range on every site firewall, .150-.250 -- see firewallme.sh DHCP_START/DHCP_END, 00_preflight_1_derive.yml fw_dhcp_start/fw_dhcp_end). Added 2026-09-04 so suggest_free_ip.py excludes it automatically instead of by hand."
DHCP,225,yes,"DHCP pool (dnsmasq dhcp-range on every site firewall, .150-.250 -- see firewallme.sh DHCP_START/DHCP_END, 00_preflight_1_derive.yml fw_dhcp_start/fw_dhcp_end). Added 2026-09-04 so suggest_free_ip.py excludes it automatically instead of by hand."
DHCP,226,yes,"DHCP pool (dnsmasq dhcp-range on every site firewall, .150-.250 -- see firewallme.sh DHCP_START/DHCP_END, 00_preflight_1_derive.yml fw_dhcp_start/fw_dhcp_end). Added 2026-09-04 so suggest_free_ip.py excludes it automatically instead of by hand."
DHCP,227,yes,"DHCP pool (dnsmasq dhcp-range on every site firewall, .150-.250 -- see firewallme.sh DHCP_START/DHCP_END, 00_preflight_1_derive.yml fw_dhcp_start/fw_dhcp_end). Added 2026-09-04 so suggest_free_ip.py excludes it automatically instead of by hand."
DHCP,228,yes,"DHCP pool (dnsmasq dhcp-range on every site firewall, .150-.250 -- see firewallme.sh DHCP_START/DHCP_END, 00_preflight_1_derive.yml fw_dhcp_start/fw_dhcp_end). Added 2026-09-04 so suggest_free_ip.py excludes it automatically instead of by hand."
DHCP,229,yes,"DHCP pool (dnsmasq dhcp-range on every site firewall, .150-.250 -- see firewallme.sh DHCP_START/DHCP_END, 00_preflight_1_derive.yml fw_dhcp_start/fw_dhcp_end). Added 2026-09-04 so suggest_free_ip.py excludes it automatically instead of by hand."
DHCP,230,yes,"DHCP pool (dnsmasq dhcp-range on every site firewall, .150-.250 -- see firewallme.sh DHCP_START/DHCP_END, 00_preflight_1_derive.yml fw_dhcp_start/fw_dhcp_end). Added 2026-09-04 so suggest_free_ip.py excludes it automatically instead of by hand."
DHCP,231,yes,"DHCP pool (dnsmasq dhcp-range on every site firewall, .150-.250 -- see firewallme.sh DHCP_START/DHCP_END, 00_preflight_1_derive.yml fw_dhcp_start/fw_dhcp_end). Added 2026-09-04 so suggest_free_ip.py excludes it automatically instead of by hand."
DHCP,232,yes,"DHCP pool (dnsmasq dhcp-range on every site firewall, .150-.250 -- see firewallme.sh DHCP_START/DHCP_END, 00_preflight_1_derive.yml fw_dhcp_start/fw_dhcp_end). Added 2026-09-04 so suggest_free_ip.py excludes it automatically instead of by hand."
DHCP,233,yes,"DHCP pool (dnsmasq dhcp-range on every site firewall, .150-.250 -- see firewallme.sh DHCP_START/DHCP_END, 00_preflight_1_derive.yml fw_dhcp_start/fw_dhcp_end). Added 2026-09-04 so suggest_free_ip.py excludes it automatically instead of by hand."
DHCP,234,yes,"DHCP pool (dnsmasq dhcp-range on every site firewall, .150-.250 -- see firewallme.sh DHCP_START/DHCP_END, 00_preflight_1_derive.yml fw_dhcp_start/fw_dhcp_end). Added 2026-09-04 so suggest_free_ip.py excludes it automatically instead of by hand."
DHCP,235,yes,"DHCP pool (dnsmasq dhcp-range on every site firewall, .150-.250 -- see firewallme.sh DHCP_START/DHCP_END, 00_preflight_1_derive.yml fw_dhcp_start/fw_dhcp_end). Added 2026-09-04 so suggest_free_ip.py excludes it automatically instead of by hand."
DHCP,236,yes,"DHCP pool (dnsmasq dhcp-range on every site firewall, .150-.250 -- see firewallme.sh DHCP_START/DHCP_END, 00_preflight_1_derive.yml fw_dhcp_start/fw_dhcp_end). Added 2026-09-04 so suggest_free_ip.py excludes it automatically instead of by hand."
DHCP,237,yes,"DHCP pool (dnsmasq dhcp-range on every site firewall, .150-.250 -- see firewallme.sh DHCP_START/DHCP_END, 00_preflight_1_derive.yml fw_dhcp_start/fw_dhcp_end). Added 2026-09-04 so suggest_free_ip.py excludes it automatically instead of by hand."
DHCP,238,yes,"DHCP pool (dnsmasq dhcp-range on every site firewall, .150-.250 -- see firewallme.sh DHCP_START/DHCP_END, 00_preflight_1_derive.yml fw_dhcp_start/fw_dhcp_end). Added 2026-09-04 so suggest_free_ip.py excludes it automatically instead of by hand."
DHCP,239,yes,"DHCP pool (dnsmasq dhcp-range on every site firewall, .150-.250 -- see firewallme.sh DHCP_START/DHCP_END, 00_preflight_1_derive.yml fw_dhcp_start/fw_dhcp_end). Added 2026-09-04 so suggest_free_ip.py excludes it automatically instead of by hand."
DHCP,240,yes,"DHCP pool (dnsmasq dhcp-range on every site firewall, .150-.250 -- see firewallme.sh DHCP_START/DHCP_END, 00_preflight_1_derive.yml fw_dhcp_start/fw_dhcp_end). Added 2026-09-04 so suggest_free_ip.py excludes it automatically instead of by hand."
DHCP,241,yes,"DHCP pool (dnsmasq dhcp-range on every site firewall, .150-.250 -- see firewallme.sh DHCP_START/DHCP_END, 00_preflight_1_derive.yml fw_dhcp_start/fw_dhcp_end). Added 2026-09-04 so suggest_free_ip.py excludes it automatically instead of by hand."
DHCP,242,yes,"DHCP pool (dnsmasq dhcp-range on every site firewall, .150-.250 -- see firewallme.sh DHCP_START/DHCP_END, 00_preflight_1_derive.yml fw_dhcp_start/fw_dhcp_end). Added 2026-09-04 so suggest_free_ip.py excludes it automatically instead of by hand."
DHCP,243,yes,"DHCP pool (dnsmasq dhcp-range on every site firewall, .150-.250 -- see firewallme.sh DHCP_START/DHCP_END, 00_preflight_1_derive.yml fw_dhcp_start/fw_dhcp_end). Added 2026-09-04 so suggest_free_ip.py excludes it automatically instead of by hand."
DHCP,244,yes,"DHCP pool (dnsmasq dhcp-range on every site firewall, .150-.250 -- see firewallme.sh DHCP_START/DHCP_END, 00_preflight_1_derive.yml fw_dhcp_start/fw_dhcp_end). Added 2026-09-04 so suggest_free_ip.py excludes it automatically instead of by hand."
DHCP,245,yes,"DHCP pool (dnsmasq dhcp-range on every site firewall, .150-.250 -- see firewallme.sh DHCP_START/DHCP_END, 00_preflight_1_derive.yml fw_dhcp_start/fw_dhcp_end). Added 2026-09-04 so suggest_free_ip.py excludes it automatically instead of by hand."
DHCP,246,yes,"DHCP pool (dnsmasq dhcp-range on every site firewall, .150-.250 -- see firewallme.sh DHCP_START/DHCP_END, 00_preflight_1_derive.yml fw_dhcp_start/fw_dhcp_end). Added 2026-09-04 so suggest_free_ip.py excludes it automatically instead of by hand."
DHCP,247,yes,"DHCP pool (dnsmasq dhcp-range on every site firewall, .150-.250 -- see firewallme.sh DHCP_START/DHCP_END, 00_preflight_1_derive.yml fw_dhcp_start/fw_dhcp_end). Added 2026-09-04 so suggest_free_ip.py excludes it automatically instead of by hand."
DHCP,248,yes,"DHCP pool (dnsmasq dhcp-range on every site firewall, .150-.250 -- see firewallme.sh DHCP_START/DHCP_END, 00_preflight_1_derive.yml fw_dhcp_start/fw_dhcp_end). Added 2026-09-04 so suggest_free_ip.py excludes it automatically instead of by hand."
DHCP,249,yes,"DHCP pool (dnsmasq dhcp-range on every site firewall, .150-.250 -- see firewallme.sh DHCP_START/DHCP_END, 00_preflight_1_derive.yml fw_dhcp_start/fw_dhcp_end). Added 2026-09-04 so suggest_free_ip.py excludes it automatically instead of by hand."
DHCP,250,yes,"DHCP pool (dnsmasq dhcp-range on every site firewall, .150-.250 -- see firewallme.sh DHCP_START/DHCP_END, 00_preflight_1_derive.yml fw_dhcp_start/fw_dhcp_end). Added 2026-09-04 so suggest_free_ip.py excludes it automatically instead of by hand."
